# UI 번역: 행번호(ui_en.tsv 0부터)<TAB>한국어. 없는 행은 원문 유지(인명, 키 이름, 경로 등)
0	화염 폭발
1	체력이 모두 회복됩니다. 소모: 정신력 30
2	지팡이 일격
3	이 마법 공격에 맞은 적은 잠시 동안 동족의 표적이 됩니다. 소모: 정신력 20
4	치유
5	여러 적을 동시에 칠 수 있는 번개를 날립니다. 소모: 정신력 15
6	유인
7	불덩이가 적 하나를 휘감아 태웁니다. 소모: 정신력 5
8	번개
9	힘의 파동이 고리 모양으로 퍼져 나가 범위 안의 모든 적에게 피해를 줍니다. 소모: 정신력 25
10	디자이너
13	시네마틱
14	자막 표시
15	빌보
17	수석 테스터
18	\\033 버튼: 저장 장치 변경
19	시스템 관리자
20	절대반지
22	안두인 대하
24	확인
29	음악
31	인턴
34	새 게임
35	%s의 메모리 카드(PS2)가 포맷되어 있지 않습니다.
36	샘
39	'%s'에 덮어쓸까요?
40	알 수 없는 저장 장치
42	지도
43	외부 개발 부문 기술 부사장
44	다음 날 이른 아침, 나는 네 호빗을 데리고 무사히 브리를 빠져나와 트롤이 출몰하는 황야로 들어섰다. 우리는 요정들이 아몬 술이라 부르고 인간들은 바람마루라 부르는 언덕에 다다랐다.
46	원거리 공격
48	바람마루
51	오른쪽
53	사장
56	게임 설정
57	프로젝트 디렉터
60	QA 리드
61	계속하기
62	프로도
65	'%s'을(를) 삭제할까요?
67	치유 주문
68	%s의 메모리 카드(8MB)(PlayStation 2 전용)에 새 게임을 저장할 공간이 부족합니다. 새로 저장하려면 %d KB가 필요합니다. 계속할까요?
69	로슬로리엔
71	조작 설정
76	아트 디렉터
77	어소시에이트 프로듀서
80	종료
81	갈라드리엘
83	추가 음악
84	저장 공간 부족: %d KB가 필요합니다.
85	골드베리
87	톨킨 엔터프라이즈
88	우리는 모리아의 어두운 심연을 벗어나 계속 나아갔다. 그리고 곧 황금숲... 로슬로리엔에 이르렀다.
89	CG 아티스트
90	컨트롤러 감도
92	모리아
93	테스트 리드
94	홍보팀
101	프로덕션 코디네이터
104	잘못된 저장 장치
105	보로미르
108	저장 장치를 읽는 중 오류가 발생했습니다!
109	김리
110	점프
111	패트릭과 WXP 팀 모두
112	설정 저장
114	앞으로 이동
116	마지막 저장 상태로 되돌리기
125	아라고른(성큼걸이)
129	음성 편집 및 후반 작업
131	행정 보조
132	불러오기
134	사용
136	바다 동쪽의 '마지막 아늑한 집'. 위대한 엘론드가 세운 숨겨진 안식처다.
137	공동 CG 감독
138	제작진 보기
141	내부 개발 부문 제작 부사장
145	추가 제작 지원
148	불러오기 실패!
149	설정을 불러왔습니다!
153	저장 실패!
154	포맷하는 중...
155	음성 캐스팅 에이전트
156	방어
158	예
159	\\035 버튼: 계속...
161	아래 보기
163	브랜디와인 강 서쪽에 있는 호빗들의 땅. 프로도 배긴스의 집이 있는 호빗골은 샤이어의 서둘레에 있다.
164	제작 보조
171	수석 디자이너
175	음악 음량
176	음성 녹음 엔지니어
178	품질 보증
179	\\035 버튼: %s, \\032 버튼: 삭제, \\034 버튼: 뒤로
181	화염 공격 주문
183	깊은골
185	생명력이 다시 채워졌다.
187	사운드 디자이너
190	추가 사운드 디자인
191	수석 프로그래머
192	제작: 블랙 레이블 게임스
195	불러오기
196	%s의 메모리 카드(PS2)가 빠졌습니다!
197	피핀
200	하드 드라이브
202	퀘스트 메뉴
203	기술
204	우리는 고분구릉의 차가운 돌밭을 떠나, 호빗과 큰사람들이 함께 사는 언덕 마을 브리에 도착했다. 톰과 작별한 우리는 따뜻한 불과 밤을 막아 줄 문을 찾아 브리로 들어섰다. 마침내 달리는 조랑말 간판이 걸린 활기찬 여관을 찾아냈다.
206	근접 공격
208	퀘스트 없음
210	프로모션팀
211	왼쪽
212	수석 애니메이터
213	크리에이티브 디렉터
217	수석 프로듀서
220	메모리 카드(PS2)에서 저장된 게임을 읽는 중...
221	\\036/\\037 버튼: 음량 조절, \\034 버튼: 뒤로, \\033 버튼: 기본 설정, \\032 버튼: 이전 설정
222	레골라스
226	번개 주문
228	요정들의 황금숲. 갈라드림(나무 백성)이 비밀스러운 힘의 보호를 받으며 사는 곳이다.
229	추가 프로그래밍
230	기본값
242	포맷 실패!
245	글로벌 마케팅 부사장
246	우리가 모르도르로 향하는 길에 오른 것은 12월이었다. 우리는 옛 땅 호랑나무땅을 지나갔다. 사우론의 힘이 사방에서 우리를 옥죄었다. 새와 짐승은 물론 날씨마저 사우론의 뜻에 굴복했기 때문이다. 우리가 거대한 산 카라드라스를 넘으려 하자 암흑의 군주는 사나운 눈보라를 퍼부었다. 우리는 계속 나아갔지만, 결국 눈사태 때문에 산을 포기하고 다른 길을 찾아야 했다...\r\n
248	항상 자유 시점
250	아몬 술이라고도 불리는 이 언덕의 꼭대기에는 한때 거대한 탑이 서 있었다. 남아 있는 탑의 잔해는 먼 옛 시대를 음울하게 일깨워 준다.
252	삭제
257	뒤로
258	프로그래머
262	불러오기 완료!
266	KB 남음
268	방향 버튼: 지역 전환, \\034 버튼: 뒤로
269	화면 위치 조정
271	오른쪽으로 이동
274	재무 관리자
276	종료
281	개발: 서리얼 소프트웨어
284	추가 팀 지원
286	등장인물
289	게임 저장
291	엔진 전용 키라서 지정할 수 없습니다.
293	안개산맥 아래에 있는 난쟁이의 도시 크하잣둠. 한때 두린 일족의 고향이었던 이곳의 수많은 거대한 전당은 난쟁이들의 솜씨를 증언한다.
294	시네마틱 자문
295	재무/운영
304	프로젝트 매니저
305	저장 완료!
306	설정을 불러오는 중 - 메모리 카드(8MB)(PlayStation 2 전용)를 빼지 마십시오
310	저장 장치를 선택하세요
311	메리
312	자유 시점
313	음성 녹음
314	새로 저장
316	위 보기
318	샤이어
320	재무 부사장
322	수석 아티스트
327	엘론드
329	QA 테스터
330	효과음 음량
331	톰 봄바딜
333	마케팅 자문
334	게임을 불러오는 중 - 메모리 카드(PS2)를 빼지 마십시오
336	지팡이 일격 주문
338	브리
339	다시 유한한 존재가 되었다.
348	아라고른 검 디자인
349	진동 기능
350	켈레보른
353	메모리 카드 슬롯 2
354	추가 음성
355	모두 건너뛰기
356	매곳 농부의 마차 덕분에 우리는 무사히 농장을 벗어나 노릇골 경계에 이르렀다. 하지만 검은 기사는 여전히 동쪽 길을 따라 질주하고 있었다. 우리는 남쪽으로 가서 묵은숲을 가로지르기로 했다. 메리는 묵은숲에 가 본 적이 있어 그곳 사정을 조금 알았다. 어둡고 신비로운 곳이지만, 검은 기사만큼 위험하지는 않다.
357	모션 캡처 감독
358	오른쪽으로 회전
360	퀘스트 보기
361	IT/네트워크 엔지니어
362	크리에이티브 감독
363	아래
365	마케팅
372	스테레오 사운드
376	저장된 게임 없음
377	하드웨어 지원
378	유인 주문
380	대하라 불리는 안두인은 가운데땅을 가로질러 남쪽으로 흐르다 벨팔라스 만에서 바다와 만난다. 안두인의 중류에는 거대한 호수 넨 히소엘이 있다.
382	취소
384	프로듀서
385	제품 매니저
387	현지화
392	설정
393	다시 시작
397	포맷 완료!
399	추가 기술 지원
400	엘론드의 명령에 브루이넨 강물이 반지악령들을 휩쓸어 버렸다. 우리는 숨겨진 요정의 골짜기 깊은골에 들어섰다. 깊은골의 군주 엘론드가 모르굴 칼에 입은 상처를 치료해 주었다. 깨어난 프로도의 눈앞에는 낯익은 얼굴이 있었다.\r\n
401	음성 연출
402	Y축 반전
403	일시정지
404	기이하고 악의적인 나무들 때문에 숲을 지나는 것은 위험하다. 톰 봄바딜과 골드베리의 집은 묵은숲 끝자락, 고분구릉이라 불리는 으스스한 땅 바로 앞에 있다.
415	방향 버튼 또는 오른쪽 아날로그 스틱: 화면 조정, \\034 버튼: 뒤로, \\033 버튼: 기본 설정, \\032 버튼: 이전 설정
418	%s의 메모리 카드(PS2)가 포맷되어 있지 않습니다. 지금 포맷할까요?
419	특별히 감사드립니다
420	살금살금 걷기
421	방향 버튼: 목록 스크롤, \\034 버튼: 뒤로
422	풀 모션 시네마틱: 블러 스튜디오
423	왼쪽으로 이동
425	오디오 디렉터
429	아티스트
433	게임 저장
438	완료:
441	라이선스 담당 이사
442	다음 날 우리는 로리엔에 작별을 고했다. 켈레보른과 갈라드리엘은 요정들이 만든 배를 내주었고, 우리는 모르도르를 향해 안두인 대하로 나아갔다.
443	콘셉트 디자인
444	명령에 지정할 키나 버튼을 누르십시오.
446	묵은숲
450	애니메이터
451	제품 마케팅 이사
457	현지화
458	설정을 저장하는 중 - 메모리 카드(PS2)를 빼지 마십시오
462	지금 게임을 종료할까요?
463	확인
464	J.R.R. 톨킨
465	1인칭 시점
466	제작 기간 동안 우리를 지지해 준 가족과 친구들
468	뒤로 이동
471	퍼블리싱 이사
477	게임 재개
478	테크니컬 디렉터
479	골룸
482	로벨리아
484	톨킨 프랜차이즈 자문
485	게임을 저장하는 중 - 메모리 카드(PS2)를 빼지 마십시오
487	소지품
488	테스터
489	브리 마을에는 아담한 호빗굴과 인간들의 돌집이 함께 있다. 달리는 조랑말 여관은 여행자들에게 인기가 많다. 주인 보리아재 버터버는 다소 잘 잊어버리지만 친절한 사람이다.
491	어둠의 세력은 더 이상 너를 해칠 수 없다.
496	포맷되지 않음
500	설명서 디자인
501	설정을 찾을 수 없습니다
502	간달프
505	메모리 카드 슬롯 1
507	하나 건너뛰기
508	제작
509	아니요
510	하지만 간달프는 돌아오지 않았다. 밤이 길어지자, 나는 그 없이 떠나야 할지도 모른다고 결심했다. 생일인 9월 22일 아침, 나는 샤이어를 마지막으로 둘러보러 나섰다. 이웃들과 작별 인사를 나누고... 집을 로벨리아 색빌-배긴스에게 팔아야 했다.
512	왼쪽으로 회전
514	지도 보기
517	위
519	마케팅 코디네이터
522	건초 더미
523	미루보르
524	골목쟁이집 증서
525	가운데땅 곳곳의 사냥꾼, 순찰자, 궁수들이 쓰는 무기.
526	골목쟁이집 열쇠
527	정교하게 깎은 튼튼한 나무 지팡이. 시골길 산책에 안성맞춤이다.
528	골드베리가 좋아하는 꽃
529	횃불
530	달리는 조랑말 여관의 호빗용 방 열쇠.
531	제1시대에 곤돌린의 대장장이들이 벼린 요정의 단검. 면도날처럼 날카롭고, 오크가 가까이 오면 푸르게 빛난다.
532	서쪽나라 단검
533	헌 옷
534	렘바스
535	작은 금속 핀.
536	가운데땅에서 가장 단단하고 귀한 금속인 미스릴로 만든 훌륭한 사슬 갑옷.
537	불쏘시개 한 무더기
538	가운데땅 어디서나 나는 맛있는 버섯. 샤이어에서 특히 사랑받는 음식이다. 체력을 10 회복한다.
539	왕의 잎. 약효가 있다고 알려진 향이 독한 풀.
540	활
541	순수함이 커졌다.
542	절대반지
543	지팡이
544	수련
545	가운데땅에서 흔히 쓰는 튼튼한 검.
546	호빗용 방 열쇠\r\n
547	스팅
548	던지기 좋은 둥글고 매끈한 돌.
549	잘 익은 탐스러운 과일
550	크램
551	본래 이름은 나르실로, 사우론과의 전투에서 부러졌다. 요정 대장장이들이 다시 벼린 이 검에 아라고른은 '서녘의 불꽃' 안두릴이라는 이름을 붙였다.
552	미스릴 갑옷
553	작은 통나무
554	버섯
555	약초
556	'적의 망치'라 불리는 날카로운 요정의 장검. 적이 가까이 오면 희미하게 빛난다.
557	갓 베어 낸 건초 한 무더기
558	임라드리스의 강장주. 깊은골 요정들이 만든 강력한 회복 음료다. 정신력을 100 회복한다.
559	꽤 유명한 호빗굴인 골목쟁이집의 증서.
560	장검
561	닳았지만 튼튼한 금속 열쇠. 골목쟁이집 문을 연다.
562	제2시대에 암흑의 군주 사우론이 운명의 산의 불길 속에서 벼린 힘의 반지들의 지배자.
563	돌멩이\r\n
564	멜론
565	불에서 꺼낸 타오르는 장작. 검은 기사에게 효과적인 무기다.
566	북쪽 인간들이 황야 여행을 위해 구운 담백하지만 든든한 여행식. 체력을 30 회복한다.
567	안두릴
568	옛날 서쪽나라 인간들이 만든 날카로운 단검.
569	낡은 작업복\r\n
570	말로른 잎에 싼 맛있는 황금빛 과자. 로리엔 요정들의 여행식이다. 잃은 체력을 모두 회복한다.
571	금속 핀
572	글람드링
573	핀으로 방앗간 톱니바퀴를 고쳐라.
574	톨만 코튼 남쪽 길 3번지
575	버드나무 영감의 줄기를 너무 많이 공격했다. 메리와 피핀이 목숨을 잃었다. 동료를 구하지 못했다.
576	괴물이 기절했을 때 글람드링으로 내리쳐라!
577	프로도 배긴스 골목쟁이집
579	건초 더미를 모아라.
580	그날 저녁 늦게...
581	골목쟁이집 증서를 로벨리아 색빌-배긴스에게 건네라.
582	절대반지??
583	모리아 - 미궁
584	샤이어 - 골목쟁이집
585	\\034 버튼: 다른 사람과 대화
587	경보종을 울려라.
588	담쟁이덤불 주점 강변마을
589	저녁에는 문을 닫습니다.
590	나즈굴과 그의 괴수를 물리쳐라
591	호빗골 방앗간 주인 테드 샌디맨
593	모리아를 무사히 통과할 길을 찾아라.
594	체력이 늘었다.
595	골목쟁이집에서 절대반지를 챙겨라.
596	윌콤 코튼 남쪽 길 5번지
597	모리아 - 심연의 결투
598	묵은숲 - 고분구릉
599	프로도는 턱을 붙잡고 위로 올라갈 수 있다. 발판을 향해 점프하면 프로도가 붙잡는다.
601	피핀을 찾아라.
602	깊은골
603	메리와 피핀이 버드나무 영감의 입에 갇혔다. 줄기를 공격하면 그를 화나게 할 수 있다.
604	트롤을 물리쳐라
605	할파스트 혼블로어 골목쟁이길 6번지
607	앞서 정찰하며 호빗들이 지나갈 길을 터라.
608	매곳 농부의 농장에서 메리, 피핀, 샘과 만나라.
609	로슬로리엔\r\n
610	안두인 대하 - 오크 댐
611	조준 모드로 들어가려면 L2 버튼을 누르고 아날로그 스틱으로 겨냥하십시오.
612	반짝이는 물건은 주울 수 있다.
614	바람마루 언덕
615	테스트 퀘스트입니다! ! ! !
616	수련 12송이를 톰 봄바딜에게 가져다주어라.
617	묵은숲 - 버들강 길
618	휴고 브레이스거들 골목쟁이길 8번지
619	두린의 도끼를 찾아라.
621	잃어버린 금속 핀을 찾아 테드에게 돌려주어라.
622	노크스 영감 강변길 4번지
623	절대반지를 깊은골로 가져가라.
624	불은 발록을 더 강하게 만든다!
625	암흑의 기사에게 붙잡혔다! 절대반지를 빼앗겨 그 주인 사우론에게 돌아갔다! 임무에 실패했다!
627	멜론을 모아라.
628	오크 댐
629	골목쟁이집 증서를 찾아라.
630	늑대로부터 로빈을 지켜라!!
631	모리아 - 호랑나무 문
632	샤이어 - 호빗골
633	돌을 던져 개의 주의를 돌려라.
635	할의 풍향계에 돌을 던져라.
636	굿바디 가족 시장길 6번지
637	괴물의 촉수를 부숴 기절시켜라!
638	나즈굴로부터 프로도를 지켜라
639	햄패스트 감지 골목쟁이길 3번지
641	골드베리를 위해 수련 12송이를 찾아라.
642	그날 저녁...
643	반지를 챙겨 감지 영감의 집에서 그와 이야기하라.
644	로벨리아 색빌-배긴스 골목쟁이집
645	모리아 - 두 번째 전당
646	묵은숲 - 숲의 미로
647	위를 누르면 올라가고, 아래를 누르면 내려간다.
649	메리를 찾아라.
650	녹룡 주점 강변마을
652	샘을 구출하라
653	프라우드풋 가족 골목쟁이길 5번지
655	프로도가 죽었다! 적으로부터 그를 지키지 못했다!
656	골목쟁이집 열쇠를 골목쟁이길 3번지의 감지 영감에게 가져다주어라.
657	안두인 대하\r\n
658	안두인 대하 - 아몬 헨
659	깊은골 - 엘론드의 집
660	프로도는 버섯을 먹어 체력을 회복할 수 있다.
662	브리 마을에서 메리를 찾아라.
663	트롤 숲
665	프로도가 죽기 직전이다!
666	폴코 보핀 물길 7번지
667	골목쟁이집에서 절대반지를 챙겨라.
669	테드 샌디맨의 방앗간을 고쳐라.
670	폰토 배긴스 강변길 2번지
671	물속의 감시자에게 간달프가 죽었다! 괴물로부터 그를 지키지 못했다!
672	검은 기사들이 프로도를 죽였다!
673	왼쪽 아날로그 스틱이나 방향 버튼으로 프로도의 소지품을 넘겨 볼 수 있다.
675	옷을 모아라.
676	아몬 헨
677	골목쟁이집을 로벨리아 색빌-배긴스에게 팔아라.
678	살금살금 걸어서 들키지 않게 하라. 왼쪽 아날로그 스틱을 살짝 밀면 살금살금 걷는다.
679	바람마루 - 바람마루 언덕
680	샤이어 - 강변마을
681	매곳 농부의 개에게 들키지 마라!
683	초록언덕 지방에서 노크스 영감을 위해 약초 4개를 찾아라.
684	색빌-배긴스 가족 시장길 1번지
685	\\034 버튼: 스위치 작동
686	바람마루 정상에 올라라
687	대디 투풋 골목쟁이길 2번지
689	달리는 조랑말 여관으로 돌아가라.
690	그날 늦게...
691	깊은골로 떠날 준비를 하라.
692	옛 곡식창고
693	모리아 - 세 갈래 길
694	샤이어 - 초록언덕 지방
695	사다리는 오를 수 있다. 사다리로 걸어가면 프로도가 올라탄다.
697	샘을 찾아라.
698	번스 가족 북쪽 길 7번지
699	바람마루 - 어둠 속의 칼
700	강가의 적을 소탕하라
701	마일로 버로스 골목쟁이길 4번지
703	사라진 호빗들을 찾아라.
704	떠나기 전에 골목쟁이집 열쇠를 찾아라.
705	암흑의 기사에게 들키지 마라!
706	다음 날
707	로슬로리엔 - 로슬로리엔 숲
708	바람마루 - 트롤 숲
709	앞으로 밀면 프로도가 몸을 끌어올린다.
711	달리는 조랑말 여관에 투숙하라.
712	어둠 속의 칼
713	이 지역의 적을 모두 소탕했다!
714	할 농부에게 돌아가라.
715	프레드가 볼저 골목쟁이길 10번지
716	골목쟁이집 열쇠를 챙겨라.
717	21번째 전당을 탈출하라.
718	초록언덕 지방에서 암흑의 기사를 따돌려라.
719	돌을 던져 검은 기사들의 주의를 돌려라.
720	호수 근처 어딘가에 있는 모리아의 문을 찾아라.
721	떨어져 죽었다!
722	R2 버튼을 누르고 있으면 프로도의 소지품을 볼 수 있다.
724	작은 통나무를 모아라
725	떠나기 전에 골목쟁이집 증서를 찾아라.
726	브리 - 브리 마을
727	로빈 스몰버로 언덕길 9번지
728	약초를 강변마을의 노크스 영감에게 가져다주어라.
730	끈적한 겉모습이나 이상한 냄새에 속지 마라. 크시피다이는 만만치 않은 무기다. 전장으로 나아가라, 그리고 남의 꼭두각시가 되지 마라!
